{
  "expected ';' before": "缺少分号",
  "undeclared identifier": "未声明的标识符",
  "invalid conversion from": "无效的类型转换",
  "no matching function for call to": "没有匹配的函数调用",
  "could not convert": "无法转换",
  "conflicting declaration": "声明冲突",
  "'iat' does not name a type; did you mean 'int'?": "'iat' 不是一个有效的类型；您是不是想写 'int'？",
  "'pritnf' was not declared in this scope; did you mean 'printf'?": "'pritnf' 在当前作用域中未声明；您是不是想写 'printf'？",
  "'sturct' does not name a type; did you mean 'struct'?": "'sturct' 不是一个有效的类型；您是不是想写 'struct'？",
  "'consol' was not declared in this scope; did you mean 'console'?": "'consol' 在当前作用域中未声明；您是不是想写 'console'？",
  "message was not declared in this scope": "'message' 在当前作用域中未声明，请检查拼写或声明。",
  "cannot convert 'std::vector<int>' to 'int' in initialization": "无法将 'std::vector<int>' 转换为 'int'（初始化时）"

}
