[
  {
    "title": "正义爆轰",
    "infourl": "//pvp.qq.com/act/a20180905herostory/index.html?id=105&ADTAG=pvp.storyweb",
    "camptype": "1",
    "heroid": "105",
    "appointHeroid": "7",
    "removeHeroid": "0",
    "occupation": "坦克",
    "num": "107",
    "heroimg": "//ossweb-img.qq.com/upload/webplat/info/yxzj/20200428/80750919757873.jpg",
    "faceimg": "//ossweb-img.qq.com/upload/webplat/info/yxzj/20200428/117411278918332.jpg",
    "pinyin": "lianpo",
    "ename": 105,
    "cname": "廉颇",
    "new_type": 0,
    "hero_type": 3,
    "skin_name": "正义爆轰|地狱岩魂"
  },
  {
    "title": "恋之微风",
    "infourl": "//pvp.qq.com/act/a20180905herostory/index.html?id=106&ADTAG=pvp.storyweb",
    "camptype": "4",
    "heroid": "106",
    "appointHeroid": "13",
    "removeHeroid": "1",
    "occupation": "法师",
    "num": "106",
    "heroimg": "//ossweb-img.qq.com/upload/webplat/info/yxzj/20191010/237121077716001.jpg",
    "faceimg": "//ossweb-img.qq.com/upload/webplat/info/yxzj/20190116/1102737314499.jpg",
    "pinyin": "xiaoqiao",
    "ename": 106,
    "cname": "小乔",
    "new_type": 0,
    "hero_type": 2,
    "skin_name": "恋之微风|万圣前夜|天鹅之梦|纯白花嫁|缤纷独角兽"
  },
  {
    "title": "苍天翔龙",
    "infourl": "//pvp.qq.com/act/a20180905herostory/index.html?id=107&ADTAG=pvp.storyweb",
    "camptype": "4",
    "heroid": "107",
    "appointHeroid": "1",
    "removeHeroid": "0",
    "occupation": "战士/刺客",
    "num": "105",
    "heroimg": "//ossweb-img.qq.com/upload/webplat/info/yxzj/20191010/422841175180785.jpg",
    "faceimg": "//ossweb-img.qq.com/upload/webplat/info/yxzj/20190116/225211269527745.jpg",
    "pinyin": "zhaoyun",
    "ename": 107,
    "cname": "赵云",
    "new_type": 0,
    "hero_type": 1,
    "hero_type2": 4,
    "skin_name": "苍天翔龙|忍●炎影|未来纪元|皇家上将|嘻哈天王|白执事|引擎之心"
  },
  {
    "title": "和平守望",
    "infourl": "//pvp.qq.com/act/a20180905herostory/index.html?id=108&ADTAG=pvp.storyweb",
    "camptype": "1",
    "heroid": "108",
    "appointHeroid": "18",
    "removeHeroid": "0",
    "occupation": "法师/战士",
    "num": "104",
    "heroimg": "//ossweb-img.qq.com/upload/webplat/info/yxzj/20191010/62651469219485.jpg",
    "faceimg": "//ossweb-img.qq.com/upload/webplat/info/yxzj/20181025/141381416202595.jpg",
    "pinyin": "mozi",
    "ename": 108,
    "cname": "墨子",
    "new_type": 0,
    "hero_type": 2,
    "hero_type2": 1,
    "skin_name": "和平守望|金属风暴|龙骑士|进击墨子号"
  },
  {
    "title": "魅力之狐",
    "infourl": "//pvp.qq.com/act/a20180905herostory/index.html?id=109&ADTAG=pvp.storyweb",
    "camptype": "0",
    "heroid": "109",
    "appointHeroid": "2",
    "removeHeroid": "1",
    "occupation": "法师",
    "num": "103",
    "heroimg": "//ossweb-img.qq.com/upload/webplat/info/yxzj/20191010/782471528444287.jpg",
    "faceimg": "//ossweb-img.qq.com/upload/webplat/info/yxzj/20180327/699631230814498.jpg",
    "pinyin": "daji",
    "ename": 109,
    "cname": "妲己",
    "pay_type": 11,
    "new_type": 0,
    "hero_type": 2,
    "skin_name": "魅惑之狐|女仆咖啡|魅力维加斯|仙境爱丽丝|少女阿狸|热情桑巴"
  },
  {
    "title": "王者独尊",
    "infourl": "//pvp.qq.com/act/a20180905herostory/index.html?id=110&ADTAG=pvp.storyweb",
    "camptype": "1",
    "heroid": "110",
    "appointHeroid": "8",
    "removeHeroid": "1",
    "occupation": "法师",
    "num": "10",
    "heroimg": "//ossweb-img.qq.com/upload/webplat/info/yxzj/20200323/9558902611675.jpg",
    "faceimg": "//ossweb-img.qq.com/upload/webplat/info/yxzj/20200323/278721395811583.jpg",
    "pinyin": "yingzheng",
    "ename": 110,
    "cname": "嬴政",
    "new_type": 0,
    "hero_type": 2,
    "skin_name": "王者独尊|摇滚巨星|暗夜贵公子|优雅恋人|白昼王子"
  },
  {
    "title": "千金重弩",
    "infourl": "//pvp.qq.com/act/a20180905herostory/index.html?id=111&ADTAG=pvp.storyweb",
    "camptype": "4",
    "heroid": "111",
    "appointHeroid": "25",
    "removeHeroid": "1",
    "occupation": "射手",
    "num": "102",
    "heroimg": "//ossweb-img.qq.com/upload/webplat/info/yxzj/20191010/528761277746534.jpg",
    "faceimg": "//ossweb-img.qq.com/upload/webplat/info/yxzj/20180327/573321328636709.jpg",
    "pinyin": "sunshangxiang",
    "ename": 111,
    "cname": "孙尚香",
    "new_type": 0,
    "hero_type": 5,
    "skin_name": "千金重弩|火炮千金|水果甜心|蔷薇恋人|杀手不太冷|末日机甲|沉稳之力"
  },
  {
    "title": "机关造物",
    "infourl": "//pvp.qq.com/act/a20180905herostory/index.html?id=112&ADTAG=pvp.storyweb",
    "camptype": "1",
    "heroid": "112",
    "appointHeroid": "14",
    "removeHeroid": "1",
    "occupation": "射手",
    "num": "101",
    "heroimg": "//ossweb-img.qq.com/upload/webplat/info/yxzj/20191010/175711332695893.jpg",
    "faceimg": "//ossweb-img.qq.com/upload/webplat/info/yxzj/20160726/43936199005239.png",
    "pinyin": "lubanqihao",
    "ename": 112,
    "cname": "鲁班七号",
    "new_type": 0,
    "hero_type": 5,
    "skin_name": "机关造物|木偶奇遇记|福禄兄弟|电玩小子|星空梦想"
  },
  {
    "title": "逍遥梦幻",
    "infourl": "//pvp.qq.com/act/a20180905herostory/index.html?id=113&ADTAG=pvp.storyweb",
    "camptype": "1",
    "heroid": "113",
    "appointHeroid": "19",
    "removeHeroid": "0",
    "occupation": "辅助/坦克",
    "num": "100",
    "heroimg": "//ossweb-img.qq.com/upload/webplat/info/yxzj/20191010/36407803861490.jpg",
    "faceimg": "//ossweb-img.qq.com/upload/webplat/info/yxzj/20160726/77101394382651.png",
    "pinyin": "zhuangzhou",
    "ename": 113,
    "cname": "庄周",
    "new_type": 0,
    "hero_type": 6,
    "hero_type2": 3,
    "skin_name": "逍遥幻梦|鲤鱼之梦|蜃楼王|云端筑梦师"
  },
  {
    "title": "暴走机关",
    "infourl": "//pvp.qq.com/act/a20180905herostory/index.html?id=114&ADTAG=pvp.storyweb",
    "camptype": "4",
    "heroid": "114",
    "appointHeroid": "26",
    "removeHeroid": "0",
    "occupation": "辅助/坦克",
    "num": "14",
    "heroimg": "//ossweb-img.qq.com/upload/webplat/info/yxzj/20191010/6266887523314.jpg",
    "faceimg": "//ossweb-img.qq.com/upload/webplat/info/yxzj/20190823/29306987419076.jpg",
    "pinyin": "liushan",
    "ename": 114,
    "cname": "刘禅",
    "new_type": 0,
    "hero_type": 6,
    "hero_type2": 3,
    "skin_name": "暴走机关|英喵野望|绅士熊喵|天才门将"
  },
  {
    "title": "叛逆吟游",
    "infourl": "//pvp.qq.com/act/a20180905herostory/index.html?id=115&ADTAG=pvp.storyweb",
    "camptype": "1",
    "heroid": "115",
    "appointHeroid": "3",
    "removeHeroid": "2",
    "occupation": "法师",
    "num": "99",
    "heroimg": "//ossweb-img.qq.com/upload/webplat/info/yxzj/20191010/84899525679925.jpg",
    "faceimg": "//ossweb-img.qq.com/upload/webplat/info/yxzj/20190116/23817580712911.jpg",
    "pinyin": "gaojianli",
    "ename": 115,
    "cname": "高渐离",
    "new_type": 0,
    "hero_type": 2,
    "skin_name": "叛逆吟游|金属狂潮|死亡摇滚"
  },
  {
    "title": "信念之刃",
    "infourl": "//pvp.qq.com/act/a20180905herostory/index.html?id=116&ADTAG=pvp.storyweb",
    "camptype": "1",
    "heroid": "116",
    "appointHeroid": "9",
    "removeHeroid": "2",
    "occupation": "刺客",
    "num": "98",
    "heroimg": "//ossweb-img.qq.com/upload/webplat/info/yxzj/20191010/977331090834512.jpg",
    "faceimg": "//ossweb-img.qq.com/upload/webplat/info/yxzj/20181025/99651112048573.jpg",
    "pinyin": "jingke",
    "ename": 116,
    "cname": "阿轲",
    "new_type": 0,
    "hero_type": 4,
    "skin_name": "信念之刃|爱心护理|暗夜猫娘|致命风华|节奏热浪"
  },
  {
    "title": "野蛮之锤",
    "infourl": "//pvp.qq.com/act/a20180905herostory/index.html?id=117&ADTAG=pvp.storyweb",
    "camptype": "1",
    "heroid": "117",
    "appointHeroid": "15",
    "removeHeroid": "0",
    "occupation": "战士/坦克",
    "num": "97",
    "heroimg": "//ossweb-img.qq.com/upload/webplat/info/yxzj/20191010/4638371386568.jpg",
    "faceimg": "//ossweb-img.qq.com/upload/webplat/info/yxzj/20180327/35122420479789.jpg",
    "pinyin": "zhongwuyan",
    "ename": 117,
    "cname": "钟无艳",
    "new_type": 0,
    "hero_type": 1,
    "hero_type2": 3,
    "skin_name": "野蛮之锤|生化警戒|王者之锤|海滩丽影"
  },
  {
    "title": "逆流之时",
    "infourl": "//pvp.qq.com/act/a20180905herostory/index.html?id=118&ADTAG=pvp.storyweb",
    "camptype": "1",
    "heroid": "118",
    "appointHeroid": "20",
    "removeHeroid": "0",
    "occupation": "辅助/法师",
    "num": "16",
    "heroimg": "//ossweb-img.qq.com/upload/webplat/info/yxzj/20191010/70493764453797.jpg",
    "faceimg": "//ossweb-img.qq.com/upload/webplat/info/yxzj/20190717/68582301165891.jpg",
    "pinyin": "sunbin",
    "ename": 118,
    "cname": "孙膑",
    "pay_type": 10,
    "new_type": 0,
    "hero_type": 6,
    "hero_type2": 2,
    "skin_name": "逆流之时|未来旅行|天使之翼|妖精王"
  },
  {
    "title": "善恶怪医",
    "infourl": "//pvp.qq.com/act/a20180905herostory/index.html?id=119&ADTAG=pvp.storyweb",
    "camptype": "1",
    "heroid": "119",
    "appointHeroid": "27",
    "removeHeroid": "1",
    "occupation": "法师",
    "num": "96",
    "heroimg": "//ossweb-img.qq.com/upload/webplat/info/yxzj/20191010/59618194648034.jpg",
    "faceimg": "//ossweb-img.qq.com/upload/webplat/info/yxzj/20160726/836271081336597.png",
    "pinyin": "bianque",
    "ename": 119,
    "cname": "扁鹊",
    "new_type": 0,
    "hero_type": 2,
    "skin_name": "善恶怪医|救世之瞳|化身博士|炼金王"
  },
  {
    "title": "最终兵器",
    "infourl": "//pvp.qq.com/act/a20180905herostory/index.html?id=120&ADTAG=pvp.storyweb",
    "camptype": "1",
    "heroid": "120",
    "appointHeroid": "4",
    "removeHeroid": "1",
    "occupation": "坦克",
    "num": "95",
    "heroimg": "//ossweb-img.qq.com/upload/webplat/info/yxzj/20200326/155221210224517.jpg",
    "faceimg": "//ossweb-img.qq.com/upload/webplat/info/yxzj/20200326/6570235067207.jpg",
    "pinyin": "baiqi",
    "ename": 120,
    "cname": "白起",
    "new_type": 0,
    "hero_type": 3,
    "skin_name": "最终兵器|白色死神|狰|星夜王子"
  },
  {
    "title": "永恒之月",
    "infourl": "//pvp.qq.com/act/a20180905herostory/index.html?id=121&ADTAG=pvp.storyweb",
    "camptype": "1",
    "heroid": "121",
    "appointHeroid": "37",
    "removeHeroid": "1",
    "occupation": "法师/坦克",
    "num": "94",
    "heroimg": "//ossweb-img.qq.com/upload/webplat/info/yxzj/20191010/4519469508162.jpg",
    "faceimg": "//ossweb-img.qq.com/upload/webplat/info/yxzj/20170613/47620969119925.jpg",
    "pinyin": "miyue",
    "ename": 121,
    "cname": "芈月",
    "new_type": 0,
    "hero_type": 2,
    "hero_type2": 3,
    "skin_name": "永恒之月|红桃皇后|大秦宣太后|重明"
  },
  {
    "title": "无双之魔",
    "infourl": "//pvp.qq.com/act/a20180905herostory/index.html?id=123&ADTAG=pvp.storyweb",
    "camptype": "4",
    "heroid": "123",
    "appointHeroid": "39",
    "removeHeroid": "2",
    "occupation": "战士/坦克",
    "num": "93",
    "heroimg": "//ossweb-img.qq.com/upload/webplat/info/yxzj/20191010/664211000977024.jpg",
    "faceimg": "//ossweb-img.qq.com/upload/webplat/info/yxzj/20160726/321961310548288.png",
    "pinyin": "lvbu",
    "ename": 123,
    "cname": "吕布",
    "new_type": 0,
    "hero_type": 1,
    "hero_type2": 3,
    "skin_name": "无双之魔|圣诞狂欢|天魔缭乱|末日机甲|猎兽之王"
  },
  {
    "title": "铁血都督",
    "infourl": "//pvp.qq.com/act/a20180905herostory/index.html?id=124&ADTAG=pvp.storyweb",
    "camptype": "4",
    "heroid": "124",
    "appointHeroid": "34",
    "removeHeroid": "1",
    "occupation": "法师",
    "num": "92",
    "heroimg": "//ossweb-img.qq.com/upload/webplat/info/yxzj/20191010/86934792945830.jpg",
    "faceimg": "//ossweb-img.qq.com/upload/webplat/info/yxzj/20170908/307111124323013.jpg",
    "pinyin": "zhouyu",
    "ename": 124,
    "cname": "周瑜",
    "new_type": 0,
    "hero_type": 2,
    "skin_name": "铁血都督|海军大将|真爱至上"
  },
  {
    "title": "不羁之风",
    "infourl": "//pvp.qq.com/act/a20180905herostory/index.html?id=126&ADTAG=pvp.storyweb",
    "camptype": "4",
    "heroid": "126",
    "appointHeroid": "54",
    "removeHeroid": "2",
    "occupation": "坦克/战士",
    "num": "61",
    "heroimg": "//ossweb-img.qq.com/upload/webplat/info/yxzj/20191010/7593351277808.jpg",
    "faceimg": "//ossweb-img.qq.com/upload/webplat/info/yxzj/20180327/64439961036621.jpg",
    "pinyin": "xiahoudun",
    "ename": 126,
    "cname": "夏侯惇",
    "pay_type": 10,
    "new_type": 0,
    "hero_type": 3,
    "hero_type2": 1,
    "skin_name": "不羁之风|战争骑士|乘风破浪|无限飓风号"
  },
  {
    "title": "洛神降临",
    "infourl": "//pvp.qq.com/act/a20180905herostory/index.html?id=127&ADTAG=pvp.storyweb",
    "camptype": "4",
    "heroid": "127",
    "appointHeroid": "10",
    "removeHeroid": "2",
    "occupation": "法师",
    "num": "91",
    "heroimg": "//ossweb-img.qq.com/upload/webplat/info/yxzj/20191010/8706478784651.jpg",
    "faceimg": "//ossweb-img.qq.com/upload/webplat/info/yxzj/20190116/126691414817402.jpg",
    "pinyin": "zhenji",
    "ename": 127,
    "cname": "甄姬",
    "new_type": 0,
    "hero_type": 2,
    "skin_name": "洛神降临|冰雪圆舞曲|花好人间|游园惊梦"
  },
  {
    "title": "鲜血枭雄",
    "infourl": "//pvp.qq.com/act/a20180905herostory/index.html?id=128&ADTAG=pvp.storyweb",
    "camptype": "4",
    "heroid": "128",
    "appointHeroid": "33",
    "removeHeroid": "2",
    "occupation": "战士",
    "num": "90",
    "heroimg": "//ossweb-img.qq.com/upload/webplat/info/yxzj/20191010/128165944821.jpg",
    "faceimg": "//ossweb-img.qq.com/upload/webplat/info/yxzj/20160726/397691359908498.png",
    "pinyin": "caocao",
    "ename": 128,
    "cname": "曹操",
    "new_type": 0,
    "hero_type": 1,
    "skin_name": "鲜血枭雄|超能战警|幽灵船长|死神来了|烛龙"
  },
  {
    "title": "狂战士",
    "infourl": "//pvp.qq.com/act/a20180905herostory/index.html?id=129&ADTAG=pvp.storyweb",
    "camptype": "4",
    "heroid": "129",
    "appointHeroid": "21",
    "removeHeroid": "2",
    "occupation": "战士",
    "num": "89",
    "heroimg": "//ossweb-img.qq.com/upload/webplat/info/yxzj/20191010/744831059647720.jpg",
    "faceimg": "//ossweb-img.qq.com/upload/webplat/info/yxzj/20160726/20454559634867.png",
    "pinyin": "dianwei",
    "ename": 129,
    "cname": "典韦",
    "new_type": 0,
    "hero_type": 1,
    "skin_name": "狂战士|黄金武士|穷奇"
  },
  {
    "title": "剑圣",
    "infourl": "//pvp.qq.com/act/a20180905herostory/index.html?id=130&ADTAG=pvp.storyweb",
    "camptype": "8",
    "heroid": "130",
    "appointHeroid": "28",
    "removeHeroid": "",
    "occupation": "战士",
    "num": "55",
    "heroimg": "//ossweb-img.qq.com/upload/webplat/info/yxzj/20191010/46551546090153.jpg",
    "faceimg": "//ossweb-img.qq.com/upload/webplat/info/yxzj/20160727/941571076869491.png",
    "pinyin": "gongbenwuzang",
    "ename": 130,
    "cname": "宫本武藏",
    "new_type": 0,
    "hero_type": 1,
    "skin_name": "剑圣|鬼剑武藏|未来纪元|万象初新|地狱之眼|霸王丸"
  },
  {
    "title": "青莲剑仙",
    "infourl": "//pvp.qq.com/act/a20180905herostory/index.html?id=131&ADTAG=pvp.storyweb",
    "camptype": "7",
    "heroid": "131",
    "appointHeroid": "46",
    "removeHeroid": "0",
    "occupation": "刺客",
    "num": "88",
    "heroimg": "//ossweb-img.qq.com/upload/webplat/info/yxzj/20191010/54178532140165.jpg",
    "faceimg": "//ossweb-img.qq.com/upload/webplat/info/yxzj/20180327/48767445393807.png",
    "pinyin": "libai",
    "ename": 131,
    "cname": "李白",
    "pay_type": 10,
    "new_type": 0,
    "hero_type": 4,
    "skin_name": "青莲剑仙|范海辛|千年之狐|凤求凰|敏锐之力"
  },
  {
    "title": "远游之枪",
    "infourl": "//pvp.qq.com/act/a20180905herostory/index.html?id=132&ADTAG=pvp.storyweb",
    "camptype": "6",
    "heroid": "132",
    "appointHeroid": "56",
    "removeHeroid": "1",
    "occupation": "射手",
    "num": "59",
    "heroimg": "//ossweb-img.qq.com/upload/webplat/info/yxzj/20191010/213931307900110.jpg",
    "faceimg": "//ossweb-img.qq.com/upload/webplat/info/yxzj/20181029/120341325343790.jpg",
    "pinyin": "makeboluo",
    "ename": 132,
    "cname": "马可波罗",
    "new_type": 0,
    "hero_type": 5,
    "skin_name": "远游之枪|激情绿茵|逐梦之星"
  },
  {
    "title": "断案大师",
    "infourl": "//pvp.qq.com/act/a20180905herostory/index.html?id=133&ADTAG=pvp.storyweb",
    "camptype": "7",
    "heroid": "133",
    "appointHeroid": "16",
    "removeHeroid": "0",
    "occupation": "射手",
    "num": "87",
    "heroimg": "//ossweb-img.qq.com/upload/webplat/info/yxzj/20191010/5043088753153.jpg",
    "faceimg": "//ossweb-img.qq.com/upload/webplat/info/yxzj/20181025/64476830268821.jpg",
    "pinyin": "direnjie",
    "ename": 133,
    "cname": "狄仁杰",
    "pay_type": 11,
    "new_type": 0,
    "hero_type": 5,
    "skin_name": "断案大师|锦衣卫|魔术师|超时空战士|阴阳师"
  },
  {
    "title": "拳僧",
    "infourl": "//pvp.qq.com/act/a20180905herostory/index.html?id=134&ADTAG=pvp.storyweb",
    "camptype": "7",
    "heroid": "134",
    "appointHeroid": "22",
    "removeHeroid": "0",
    "occupation": "战士/坦克",
    "num": "52",
    "heroimg": "//ossweb-img.qq.com/upload/webplat/info/yxzj/20191010/48361745905777.jpg",
    "faceimg": "//ossweb-img.qq.com/upload/webplat/info/yxzj/20160726/28376554913969.png",
    "pinyin": "damo",
    "ename": 134,
    "cname": "达摩",
    "new_type": 0,
    "hero_type": 1,
    "hero_type2": 3,
    "skin_name": "拳僧|大发明家|拳王"
  },
  {
    "title": "霸王",
    "infourl": "//pvp.qq.com/act/a20180905herostory/index.html?id=135&ADTAG=pvp.storyweb",
    "camptype": "3",
    "heroid": "135",
    "appointHeroid": "29",
    "removeHeroid": "2",
    "occupation": "坦克",
    "num": "86",
    "heroimg": "//ossweb-img.qq.com/upload/webplat/info/yxzj/20191010/640041141757817.jpg",
    "faceimg": "//ossweb-img.qq.com/upload/webplat/info/yxzj/20160726/35024839042519.png",
    "pinyin": "xiangyu",
    "ename": 135,
    "cname": "项羽",
    "new_type": 0,
    "hero_type": 3,
    "skin_name": "霸王|帝国元帅|苍穹之光|海滩派对|职棒王牌|霸王别姬|科学大爆炸"
  },
  {
    "title": "女帝",
    "infourl": "//pvp.qq.com/act/a20180905herostory/index.html?id=136&ADTAG=pvp.storyweb",
    "camptype": "7",
    "heroid": "136",
    "appointHeroid": "5",
    "removeHeroid": "0",
    "occupation": "法师",
    "num": "62",
    "heroimg": "//ossweb-img.qq.com/upload/webplat/info/yxzj/20191010/8645575620272.jpg",
    "faceimg": "//ossweb-img.qq.com/upload/webplat/info/yxzj/20190627/834011412951609.jpg",
    "pinyin": "wuzetian",
    "ename": 136,
    "cname": "武则天",
    "new_type": 0,
    "hero_type": 2,
    "skin_name": "女帝|东方不败|海洋之心"
  },
  {
    "title": "万古长明",
    "infourl": "//pvp.qq.com/act/a20180905herostory/index.html?id=139&ADTAG=pvp.storyweb",
    "camptype": "1",
    "heroid": "139",
    "appointHeroid": "11",
    "removeHeroid": "0",
    "occupation": "战士",
    "num": "47",
    "heroimg": "//ossweb-img.qq.com/upload/webplat/info/yxzj/20191010/56207935501606.jpg",
    "faceimg": "//ossweb-img.qq.com/upload/webplat/info/yxzj/20160726/58017735021814.png",
    "pinyin": "laofuzi",
    "ename": 139,
    "cname": "老夫子",
    "new_type": 0,
    "hero_type": 1,
    "skin_name": "万古长明|潮流仙人|圣诞老人|功夫老勺"
  },
  {
    "title": "一骑当千",
    "infourl": "//pvp.qq.com/act/a20180905herostory/index.html?id=140&ADTAG=pvp.storyweb",
    "camptype": "4",
    "heroid": "140",
    "appointHeroid": "52",
    "removeHeroid": "0",
    "occupation": "战士",
    "num": "46",
    "heroimg": "//ossweb-img.qq.com/upload/webplat/info/yxzj/20191010/275341569174044.jpg",
    "faceimg": "//ossweb-img.qq.com/upload/webplat/info/yxzj/20160726/18154342091729.png",
    "pinyin": "guanyu",
    "ename": 140,
    "cname": "关羽",
    "new_type": 0,
    "hero_type": 1,
    "skin_name": "一骑当千|天启骑士|冰锋战神|龙腾万里"
  },
  {
    "title": "绝世舞姬",
    "infourl": "//pvp.qq.com/act/a20180905herostory/index.html?id=141&ADTAG=pvp.storyweb",
    "camptype": "4",
    "heroid": "141",
    "appointHeroid": "38",
    "removeHeroid": "2",
    "occupation": "法师/刺客",
    "num": "85",
    "heroimg": "//ossweb-img.qq.com/upload/webplat/info/yxzj/20191010/1559492280407.png",
    "faceimg": "//ossweb-img.qq.com/upload/webplat/info/yxzj/20160726/55547119153305.png",
    "pinyin": "diaochan",
    "ename": 141,
    "cname": "貂蝉",
    "pay_type": 10,
    "new_type": 0,
    "hero_type": 2,
    "hero_type2": 4,
    "skin_name": "绝世舞姬|异域舞娘|圣诞恋歌|逐梦之音|仲夏夜之梦"
  },
  {
    "title": "暗夜萝莉",
    "infourl": "//pvp.qq.com/act/a20180905herostory/index.html?id=142&ADTAG=pvp.storyweb",
    "camptype": "6",
    "heroid": "142",
    "appointHeroid": "32",
    "removeHeroid": "0",
    "occupation": "法师",
    "num": "84",
    "heroimg": "//ossweb-img.qq.com/upload/webplat/info/yxzj/20191010/4412162996520.jpg",
    "faceimg": "//ossweb-img.qq.com/upload/webplat/info/yxzj/20160726/18901316660134.png",
    "pinyin": "anqila",
    "ename": 142,
    "cname": "安琪拉",
    "new_type": 0,
    "hero_type": 2,
    "skin_name": "暗夜萝莉|玩偶对对碰|魔法小厨娘|心灵骇客|如懿"
  },
  {
    "title": "热烈之斧",
    "infourl": "//pvp.qq.com/act/a20180905herostory/index.html?id=144&ADTAG=pvp.storyweb",
    "camptype": "7",
    "heroid": "144",
    "appointHeroid": "30",
    "removeHeroid": "0",
    "occupation": "坦克/战士",
    "num": "83",
    "heroimg": "//ossweb-img.qq.com/upload/webplat/info/yxzj/20191010/632001118049593.jpg",
    "faceimg": "//ossweb-img.qq.com/upload/webplat/info/yxzj/20160726/12835477027157.png",
    "pinyin": "chengyaojin",
    "ename": 144,
    "cname": "程咬金",
    "new_type": 0,
    "hero_type": 3,
    "hero_type2": 1,
    "skin_name": "热烈之斧|爱与正义|星际陆战队|华尔街大亨|功夫厨神"
  },
  {
    "title": "月光之女",
    "infourl": "//pvp.qq.com/act/a20180905herostory/index.html?id=146&ADTAG=pvp.storyweb",
    "camptype": "6",
    "heroid": "146",
    "appointHeroid": "6",
    "removeHeroid": "1",
    "occupation": "战士/法师",
    "num": "82",
    "heroimg": "//ossweb-img.qq.com/upload/webplat/info/yxzj/20191010/63581396650488.jpg",
    "faceimg": "//ossweb-img.qq.com/upload/webplat/info/yxzj/20190116/119971138563496.jpg",
    "pinyin": "luna",
    "ename": 146,
    "cname": "露娜",
    "new_type": 0,
    "hero_type": 1,
    "hero_type2": 2,
    "skin_name": "月光之女|哥特玫瑰|绯红之刃|紫霞仙子|一生所爱"
  },
  {
    "title": "太古魔导",
    "infourl": "//pvp.qq.com/act/a20180905herostory/index.html?id=148&ADTAG=pvp.storyweb",
    "camptype": "0",
    "heroid": "148",
    "appointHeroid": "12",
    "removeHeroid": "1",
    "occupation": "法师/辅助",
    "num": "81",
    "heroimg": "//ossweb-img.qq.com/upload/webplat/info/yxzj/20191010/107021158349230.jpg",
    "faceimg": "//ossweb-img.qq.com/upload/webplat/info/yxzj/20160726/21386894863581.png",
    "pinyin": "jiangziya",
    "ename": 148,
    "cname": "姜子牙",
    "new_type": 0,
    "hero_type": 2,
    "skin_name": "太古魔导|时尚教父"
  },
  {
    "title": "双面君主",
    "infourl": "//pvp.qq.com/act/a20180905herostory/index.html?id=149&ADTAG=pvp.storyweb",
    "camptype": "3",
    "heroid": "149",
    "appointHeroid": "49",
    "removeHeroid": "1",
    "occupation": "坦克",
    "num": "80",
    "heroimg": "//ossweb-img.qq.com/upload/webplat/info/yxzj/20191010/71567211286504.jpg",
    "faceimg": "//ossweb-img.qq.com/upload/webplat/info/yxzj/20190627/1611520684982.jpg",
    "pinyin": "liubang",
    "ename": 149,
    "cname": "刘邦",
    "new_type": 0,
    "hero_type": 3,
    "skin_name": "双面君主|圣殿之光|德古拉伯爵"
  },
  {
    "title": "国士无双",
    "infourl": "//pvp.qq.com/act/a20180905herostory/index.html?id=150&ADTAG=pvp.storyweb",
    "camptype": "3",
    "heroid": "150",
    "appointHeroid": "23",
    "removeHeroid": "1",
    "occupation": "刺客",
    "num": "79",
    "heroimg": "//ossweb-img.qq.com/upload/webplat/info/yxzj/20191010/26620610693151.jpg",
    "faceimg": "//ossweb-img.qq.com/upload/webplat/info/yxzj/20160726/558661233757564.png",
    "pinyin": "hanxin",
    "ename": 150,
    "cname": "韩信",
    "new_type": 0,
    "hero_type": 4,
    "skin_name": "国士无双|街头霸王|教廷特使|白龙吟|逐梦之影"
  },
  {
    "title": "冰雪之华",
    "infourl": "//pvp.qq.com/act/a20180905herostory/index.html?id=152&ADTAG=pvp.storyweb",
    "camptype": "2",
    "heroid": "152",
    "appointHeroid": "31",
    "removeHeroid": "0",
    "occupation": "法师",
    "num": "78",
    "heroimg": "//ossweb-img.qq.com/upload/webplat/info/yxzj/20191010/605981185208690.jpg",
    "faceimg": "//ossweb-img.qq.com/upload/webplat/info/yxzj/20181025/28141313400127.jpg",
    "pinyin": "wangzhaojun",
    "ename": 152,
    "cname": "王昭君",
    "new_type": 0,
    "hero_type": 2,
    "skin_name": "冰雪之华|精灵公主|偶像歌手|凤凰于飞|幻想奇妙夜"
  },
  {
    "title": "暗影刀锋",
    "infourl": "//pvp.qq.com/act/a20180905herostory/index.html?id=153&ADTAG=pvp.storyweb",
    "camptype": "9",
    "heroid": "153",
    "appointHeroid": "44",
    "removeHeroid": "0",
    "occupation": "刺客",
    "num": "77",
    "heroimg": "//ossweb-img.qq.com/upload/webplat/info/yxzj/20210114/34030207140278.jpg",
    "faceimg": "//ossweb-img.qq.com/upload/webplat/info/yxzj/20210114/9912813909230.jpg",
    "pinyin": "lanlingwang",
    "ename": 153,
    "cname": "兰陵王",
    "new_type": 0,
    "hero_type": 4,
    "skin_name": "暗影刀锋|隐刃|暗隐猎兽者"
  },
  {
    "title": "传说之刃",
    "infourl": "//pvp.qq.com/act/a20180905herostory/index.html?id=154&ADTAG=pvp.storyweb",
    "camptype": "7",
    "heroid": "154",
    "appointHeroid": "40",
    "removeHeroid": "2",
    "occupation": "战士/刺客",
    "num": "76",
    "heroimg": "//ossweb-img.qq.com/upload/webplat/info/yxzj/20191010/3685977620263.jpg",
    "faceimg": "//ossweb-img.qq.com/upload/webplat/info/yxzj/20170308/34782968648244.jpg",
    "pinyin": "huamulan",
    "ename": 154,
    "cname": "花木兰",
    "new_type": 0,
    "hero_type": 1,
    "hero_type2": 4,
    "skin_name": "传说之刃|剑舞者|兔女郎|水晶猎龙者|青春决赛季|冠军飞将|瑞麟志"
  },
  {
    "title": "言灵之书",
    "infourl": "//pvp.qq.com/act/a20180905herostory/index.html?id=156&ADTAG=pvp.storyweb",
    "camptype": "3",
    "heroid": "156",
    "appointHeroid": "17",
    "removeHeroid": "1",
    "occupation": "法师",
    "num": "75",
    "heroimg": "//ossweb-img.qq.com/upload/webplat/info/yxzj/20191010/2248336605405.jpg",
    "faceimg": "//ossweb-img.qq.com/upload/webplat/info/yxzj/20190116/55913224991097.jpg",
    "pinyin": "zhangliang",
    "ename": 156,
    "cname": "张良",
    "new_type": 0,
    "hero_type": 2,
    "skin_name": "言灵之书|天堂福音|一千零一夜|幽兰居士"
  },
  {
    "title": "明媚烈焰",
    "infourl": "//pvp.qq.com/act/a20180905herostory/index.html?id=157&ADTAG=pvp.storyweb",
    "camptype": "8",
    "heroid": "157",
    "appointHeroid": "50",
    "removeHeroid": "",
    "occupation": "法师/刺客",
    "num": "74",
    "heroimg": "//ossweb-img.qq.com/upload/webplat/info/yxzj/20191010/579210012886.jpg",
    "faceimg": "//ossweb-img.qq.com/upload/webplat/info/yxzj/20160726/63399584503206.png",
    "pinyin": "buzhihuowu",
    "ename": 157,
    "cname": "不知火舞",
    "new_type": 0,
    "hero_type": 2,
    "hero_type2": 4,
    "skin_name": "明媚烈焰"
  },
  {
    "title": "鹰之守护",
    "infourl": "//pvp.qq.com/act/a20180905herostory/index.html?id=162&ADTAG=pvp.storyweb",
    "camptype": "8",
    "heroid": "162",
    "appointHeroid": "45",
    "removeHeroid": "",
    "occupation": "刺客",
    "num": "73",
    "heroimg": "//ossweb-img.qq.com/upload/webplat/info/yxzj/20191010/548681020090103.jpg",
    "faceimg": "//ossweb-img.qq.com/upload/webplat/info/yxzj/20160726/31519374723603.png",
    "pinyin": "nakelulu",
    "ename": 162,
    "cname": "娜可露露",
    "new_type": 0,
    "hero_type": 4,
    "skin_name": "鹰之守护"
  },
  {
    "title": "神梦一刀",
    "infourl": "//pvp.qq.com/act/a20180905herostory/index.html?id=163&ADTAG=pvp.storyweb",
    "camptype": "8",
    "heroid": "163",
    "appointHeroid": "57",
    "removeHeroid": "",
    "occupation": "刺客/战士",
    "num": "58",
    "heroimg": "//ossweb-img.qq.com/upload/webplat/info/yxzj/20191010/58109651771952.jpg",
    "faceimg": "//ossweb-img.qq.com/upload/webplat/info/yxzj/20160830/20769120063270.jpg",
    "pinyin": "juyoujing",
    "ename": 163,
    "cname": "橘右京",
    "new_type": 0,
    "hero_type": 4,
    "hero_type2": 1,
    "skin_name": "神梦一刀"
  },
  {
    "title": "圣骑之力",
    "infourl": "//pvp.qq.com/act/a20180905herostory/index.html?id=166&ADTAG=pvp.storyweb",
    "camptype": "6",
    "heroid": "166",
    "appointHeroid": "24",
    "removeHeroid": "0",
    "occupation": "战士/坦克",
    "num": "72",
    "heroimg": "//ossweb-img.qq.com/upload/webplat/info/yxzj/20191010/45701468188203.jpg",
    "faceimg": "//ossweb-img.qq.com/upload/webplat/info/yxzj/20190116/93251107128088.jpg",
    "pinyin": "yase",
    "ename": 166,
    "cname": "亚瑟",
    "pay_type": 11,
    "new_type": 0,
    "hero_type": 1,
    "hero_type2": 3,
    "skin_name": "圣骑之力|死亡骑士|狮心王|心灵战警"
  },
  {
    "title": "齐天大圣",
    "infourl": "//pvp.qq.com/act/a20180905herostory/index.html?id=167&ADTAG=pvp.storyweb",
    "camptype": "0",
    "heroid": "167",
    "appointHeroid": "36",
    "removeHeroid": "2",
    "occupation": "刺客/战士",
    "num": "71",
    "heroimg": "//ossweb-img.qq.com/upload/webplat/info/yxzj/20191010/46014866033037.jpg",
    "faceimg": "//ossweb-img.qq.com/upload/webplat/info/yxzj/20160726/37425581339924.png",
    "pinyin": "sunwukong",
    "ename": 167,
    "cname": "孙悟空",
    "new_type": 0,
    "hero_type": 4,
    "hero_type2": 1,
    "skin_name": "齐天大圣|地狱火|西部大镖客|美猴王|至尊宝|全息碎影|大圣娶亲"
  },
  {
    "title": "精英酋长",
    "infourl": "//pvp.qq.com/act/a20180905herostory/index.html?id=168&ADTAG=pvp.storyweb",
    "camptype": "0",
    "heroid": "168",
    "appointHeroid": "35",
    "removeHeroid": "2",
    "occupation": "辅助/坦克",
    "num": "70",
    "heroimg": "//ossweb-img.qq.com/upload/webplat/info/yxzj/20191010/775111569812043.jpg",
    "faceimg": "//ossweb-img.qq.com/upload/webplat/info/yxzj/20160726/873611252975639.png",
    "pinyin": "niumo",
    "ename": 168,
    "cname": "牛魔",
    "new_type": 0,
    "hero_type": 6,
    "hero_type2": 3,
    "skin_name": "精英酋长|西部大镖客|制霸全明星"
  },
  {
    "title": "半神之弓",
    "infourl": "//pvp.qq.com/act/a20180905herostory/index.html?id=169&ADTAG=pvp.storyweb",
    "camptype": "0",
    "heroid": "169",
    "appointHeroid": "41",
    "removeHeroid": "2",
    "occupation": "射手",
    "num": "69",
    "heroimg": "//ossweb-img.qq.com/upload/webplat/info/yxzj/20191010/64275801657630.jpg",
    "faceimg": "//ossweb-img.qq.com/upload/webplat/info/yxzj/20181025/7521729121819.jpg",
    "pinyin": "houyi",
    "ename": 169,
    "cname": "后羿",
    "new_type": 0,
    "hero_type": 5,
    "skin_name": "半神之弓|精灵王|阿尔法小队|辉光之辰|黄金射手座"
  },
  {
    "title": "仁德义枪",
    "infourl": "//pvp.qq.com/act/a20180905herostory/index.html?id=170&ADTAG=pvp.storyweb",
    "camptype": "4",
    "heroid": "170",
    "appointHeroid": "43",
    "removeHeroid": "0",
    "occupation": "战士",
    "num": "68",
    "heroimg": "//ossweb-img.qq.com/upload/webplat/info/yxzj/20191010/980091411957883.jpg",
    "faceimg": "//ossweb-img.qq.com/upload/webplat/info/yxzj/20160726/16495784782816.png",
    "pinyin": "liubei",
    "ename": 170,
    "cname": "刘备",
    "new_type": 0,
    "hero_type": 1,
    "skin_name": "仁德义枪|万事如意|纽约教父|汉昭烈帝"
  },
  {
    "title": "禁血狂兽",
    "infourl": "//pvp.qq.com/act/a20180905herostory/index.html?id=171&ADTAG=pvp.storyweb",
    "camptype": "4",
    "heroid": "171",
    "appointHeroid": "42",
    "removeHeroid": "0",
    "occupation": "辅助/坦克",
    "num": "67",
    "heroimg": "//ossweb-img.qq.com/upload/webplat/info/yxzj/20191010/184661526306200.jpg",
    "faceimg": "//ossweb-img.qq.com/upload/webplat/info/yxzj/20160726/941221097359270.png",
    "pinyin": "zhangfei",
    "ename": 171,
    "cname": "张飞",
    "new_type": 0,
    "hero_type": 3,
    "hero_type2": 6,
    "skin_name": "禁血狂兽|五福同心|乱世虎臣"
  },
  {
    "title": "王都密探",
    "infourl": "//pvp.qq.com/act/a20180905herostory/index.html?id=173&ADTAG=pvp.storyweb",
    "camptype": "7",
    "heroid": "173",
    "appointHeroid": "48",
    "removeHeroid": "0",
    "occupation": "射手",
    "num": "66",
    "heroimg": "//ossweb-img.qq.com/upload/webplat/info/yxzj/20191010/536601401910051.jpg",
    "faceimg": "//ossweb-img.qq.com/upload/webplat/info/yxzj/20181025/289431194455887.jpg",
    "pinyin": "liyuanfang",
    "ename": 173,
    "cname": "李元芳",
    "pay_type": 10,
    "new_type": 0,
    "hero_type": 5,
    "skin_name": "王都密探|特种部队|黑猫爱糖果|逐浪之夏"
  },
  {
    "title": "森之风灵",
    "infourl": "//pvp.qq.com/act/a20180905herostory/index.html?id=174&ADTAG=pvp.storyweb",
    "camptype": "3",
    "heroid": "174",
    "appointHeroid": "51",
    "removeHeroid": "2",
    "occupation": "射手",
    "num": "64",
    "heroimg": "//ossweb-img.qq.com/upload/webplat/info/yxzj/20191010/85572974862749.jpg",
    "faceimg": "//ossweb-img.qq.com/upload/webplat/info/yxzj/20180327/75023658143716.jpg",
    "pinyin": "yuji",
    "ename": 174,
    "cname": "虞姬",
    "new_type": 0,
    "hero_type": 5,
    "skin_name": "森之风灵|加勒比小姐|霸王别姬|凯尔特女王"
  },
  {
    "title": "虚灵城判",
    "infourl": "//pvp.qq.com/act/a20180905herostory/index.html?id=175&ADTAG=pvp.storyweb",
    "camptype": "7",
    "heroid": "175",
    "appointHeroid": "47",
    "removeHeroid": "0",
    "occupation": "法师/战士",
    "num": "65",
    "heroimg": "//ossweb-img.qq.com/upload/webplat/info/yxzj/20191010/203361241905570.jpg",
    "faceimg": "//ossweb-img.qq.com/upload/webplat/info/yxzj/20180122/79835640494001.jpg",
    "pinyin": "zhongkui",
    "ename": 175,
    "cname": "钟馗",
    "new_type": 0,
    "hero_type": 6,
    "hero_type2": 2,
    "skin_name": "虚灵城判|地府判官"
  },
  {
    "title": "苍狼末裔",
    "infourl": "//pvp.qq.com/act/a20180905herostory/index.html?id=177&ADTAG=pvp.storyweb",
    "camptype": "2",
    "heroid": "177",
    "appointHeroid": "58",
    "removeHeroid": "0",
    "occupation": "射手",
    "num": "57",
    "heroimg": "//ossweb-img.qq.com/upload/webplat/info/yxzj/20191010/669879518974.jpg",
    "faceimg": "//ossweb-img.qq.com/upload/webplat/info/yxzj/20160918/21931014171659.jpg",
    "pinyin": "chengjisihan",
    "ename": 177,
    "cname": "成吉思汗",
    "new_type": 0,
    "hero_type": 5,
    "skin_name": "苍狼末裔|维京掠夺者"
  },
  {
    "title": "根源之目",
    "infourl": "//pvp.qq.com/act/a20180905herostory/index.html?id=178&ADTAG=pvp.storyweb",
    "camptype": "0",
    "heroid": "178",
    "appointHeroid": "59",
    "removeHeroid": "1",
    "occupation": "战士",
    "num": "56",
    "heroimg": "//ossweb-img.qq.com/upload/webplat/info/yxzj/20191010/365511150355588.jpg",
    "faceimg": "//ossweb-img.qq.com/upload/webplat/info/yxzj/20161008/81211237899931.jpg",
    "pinyin": "yangjian",
    "ename": 178,
    "cname": "杨戬",
    "new_type": 0,
    "hero_type": 1,
    "skin_name": "根源之目|埃及法老|永曜之星"
  },
  {
    "title": "圣域余晖",
    "infourl": "//pvp.qq.com/act/a20180905herostory/index.html?id=183&ADTAG=pvp.storyweb",
    "camptype": "6",
    "heroid": "183",
    "appointHeroid": "55",
    "removeHeroid": "0",
    "occupation": "战士",
    "num": "60",
    "heroimg": "//ossweb-img.qq.com/upload/webplat/info/yxzj/20191010/44483332637077.jpg",
    "faceimg": "//ossweb-img.qq.com/upload/webplat/info/yxzj/20190524/64614584030878.jpg",
    "pinyin": "yadianna",
    "ename": 183,
    "cname": "雅典娜",
    "new_type": 0,
    "hero_type": 1,
    "skin_name": "圣域余晖|战争女神|冰冠公主|神奇女侠"
  },
  {
    "title": "天籁弦音",
    "infourl": "//pvp.qq.com/act/a20180905herostory/index.html?id=184&ADTAG=pvp.storyweb",
    "camptype": "4",
    "heroid": "184",
    "appointHeroid": "53",
    "removeHeroid": "2",
    "occupation": "辅助",
    "num": "63",
    "heroimg": "//ossweb-img.qq.com/upload/webplat/info/yxzj/20191010/9456290393768.jpg",
    "faceimg": "//ossweb-img.qq.com/upload/webplat/info/yxzj/20160726/8277177112204.png",
    "pinyin": "caiwenji",
    "ename": 184,
    "cname": "蔡文姬",
    "new_type": 0,
    "hero_type": 6,
    "skin_name": "天籁弦音|蔷薇王座|舞动绿茵|奇迹圣诞"
  },
  {
    "title": "炼金大师",
    "infourl": "//pvp.qq.com/act/a20180905herostory/index.html?id=186&ADTAG=pvp.storyweb",
    "camptype": "0",
    "heroid": "186",
    "appointHeroid": "60",
    "removeHeroid": "1",
    "occupation": "辅助/坦克",
    "num": "54",
    "heroimg": "//ossweb-img.qq.com/upload/webplat/info/yxzj/20191010/524241070493059.jpg",
    "faceimg": "//ossweb-img.qq.com/upload/webplat/info/yxzj/20161124/29648640143170.jpg",
    "pinyin": "taiyizhenren",
    "ename": 186,
    "cname": "太乙真人",
    "new_type": 0,
    "hero_type": 6,
    "hero_type2": 3,
    "skin_name": "炼金大师|圆桌骑士|饕餮|华丽摇滚"
  },
  {
    "title": "桀骜炎枪",
    "infourl": "//pvp.qq.com/act/a20180905herostory/index.html?id=180&ADTAG=pvp.storyweb",
    "camptype": "0",
    "heroid": "180",
    "appointHeroid": "61",
    "removeHeroid": "1",
    "occupation": "战士",
    "num": "53",
    "heroimg": "//ossweb-img.qq.com/upload/webplat/info/yxzj/20191010/652021297028542.jpg",
    "faceimg": "//ossweb-img.qq.com/upload/webplat/info/yxzj/20170104/952661342083635.jpg",
    "pinyin": "nezha",
    "ename": 180,
    "cname": "哪吒",
    "new_type": 0,
    "hero_type": 1,
    "skin_name": "桀骜炎枪|三太子|逐梦之翼"
  },
  {
    "title": "绝代智谋",
    "infourl": "//pvp.qq.com/act/a20180905herostory/index.html?id=190&ADTAG=pvp.storyweb",
    "camptype": "4",
    "heroid": "190",
    "appointHeroid": "62",
    "removeHeroid": "0",
    "occupation": "法师",
    "num": "51",
    "heroimg": "//ossweb-img.qq.com/upload/webplat/info/yxzj/20191010/29138566540861.jpg",
    "faceimg": "//ossweb-img.qq.com/upload/webplat/info/yxzj/20170118/48646263962066.jpg",
    "pinyin": "zhugeliang",
    "ename": 190,
    "cname": "诸葛亮",
    "new_type": 0,
    "hero_type": 2,
    "skin_name": "绝代智谋|星航指挥官|黄金分割率|武陵仙君|掌控之力"
  },
  {
    "title": "燃魂重炮",
    "infourl": "//pvp.qq.com/act/a20180905herostory/index.html?id=192&ADTAG=pvp.storyweb",
    "camptype": "4",
    "heroid": "192",
    "appointHeroid": "63",
    "removeHeroid": "0",
    "occupation": "射手",
    "num": "50",
    "heroimg": "//ossweb-img.qq.com/upload/webplat/info/yxzj/20191010/85062883647203.jpg",
    "faceimg": "//ossweb-img.qq.com/upload/webplat/info/yxzj/20170203/81719401485448.jpg",
    "pinyin": "huangzhong",
    "ename": 192,
    "cname": "黄忠",
    "new_type": 0,
    "hero_type": 5,
    "skin_name": "燃魂重炮|芝加哥教父"
  },
  {
    "title": "沧海之曜",
    "infourl": "//pvp.qq.com/act/a20180905herostory/index.html?id=191&ADTAG=pvp.storyweb",
    "camptype": "4",
    "heroid": "191",
    "appointHeroid": "64",
    "removeHeroid": "1",
    "occupation": "辅助",
    "num": "49",
    "heroimg": "//ossweb-img.qq.com/upload/webplat/info/yxzj/20191010/39697765755935.jpg",
    "faceimg": "//ossweb-img.qq.com/upload/webplat/info/yxzj/20170217/62422276203551.jpg",
    "pinyin": "daqiao",
    "ename": 191,
    "cname": "大乔",
    "new_type": 0,
    "hero_type": 6,
    "skin_name": "沧海之曜|伊势巫女|守护之力|猫狗日记"
  },
  {
    "title": "噬灭日蚀",
    "infourl": "//pvp.qq.com/act/a20180905herostory/index.html?id=187&ADTAG=pvp.storyweb",
    "camptype": "3",
    "heroid": "187",
    "appointHeroid": "65",
    "removeHeroid": "0",
    "occupation": "辅助/坦克",
    "num": "48",
    "heroimg": "//ossweb-img.qq.com/upload/webplat/info/yxzj/20191010/33388656891546.jpg",
    "faceimg": "//ossweb-img.qq.com/upload/webplat/info/yxzj/20170317/94767842334793.jpg",
    "pinyin": "donghuangtaiyi",
    "ename": 187,
    "cname": "东皇太一",
    "new_type": 0,
    "hero_type": 6,
    "hero_type2": 3,
    "skin_name": "噬灭日蚀|东海龙王|逐梦之光"
  },
  {
    "title": "淬命双剑",
    "infourl": "//pvp.qq.com/act/a20180905herostory/index.html?id=182&ADTAG=pvp.storyweb",
    "camptype": "3",
    "heroid": "182",
    "appointHeroid": "66",
    "removeHeroid": "0",
    "occupation": "法师",
    "num": "45",
    "heroimg": "//ossweb-img.qq.com/upload/webplat/info/yxzj/20191010/42817207621092.jpg",
    "faceimg": "//ossweb-img.qq.com/upload/webplat/info/yxzj/20170524/87618567096649.jpg",
    "pinyin": "ganjiangmoye",
    "ename": 182,
    "cname": "干将莫邪",
    "new_type": 0,
    "hero_type": 2,
    "skin_name": "淬命双剑|第七人偶|冰霜恋舞曲"
  },
  {
    "title": "万物有灵",
    "infourl": "//pvp.qq.com/act/a20180905herostory/index.html?id=189&ADTAG=pvp.storyweb",
    "camptype": "3",
    "heroid": "189",
    "appointHeroid": "67",
    "removeHeroid": "0",
    "occupation": "辅助",
    "num": "44",
    "heroimg": "//ossweb-img.qq.com/upload/webplat/info/yxzj/20191010/88527151660191.jpg",
    "faceimg": "//ossweb-img.qq.com/upload/webplat/info/yxzj/20170621/886741128494673.jpg",
    "pinyin": "guiguzi",
    "ename": 189,
    "cname": "鬼谷子",
    "new_type": 0,
    "hero_type": 6,
    "skin_name": "万物有灵|阿摩司公爵|幻乐之宴"
  },
  {
    "title": "破灭刃锋",
    "infourl": "//pvp.qq.com/act/a20180905herostory/index.html?id=193&ADTAG=pvp.storyweb",
    "camptype": "7",
    "heroid": "193",
    "appointHeroid": "68",
    "removeHeroid": "2",
    "occupation": "战士/坦克",
    "num": "43",
    "heroimg": "//ossweb-img.qq.com/upload/webplat/info/yxzj/20191010/40660475542197.jpg",
    "faceimg": "//ossweb-img.qq.com/upload/webplat/info/yxzj/20170703/82350987230843.jpg",
    "pinyin": "kai",
    "ename": 193,
    "cname": "铠",
    "new_type": 0,
    "hero_type": 1,
    "hero_type2": 3,
    "skin_name": "破灭刃锋|龙域领主|曙光守护者|青龙志"
  },
  {
    "title": "静谧之眼",
    "infourl": "//pvp.qq.com/act/a20180905herostory/index.html?id=196&ADTAG=pvp.storyweb",
    "camptype": "7",
    "heroid": "196",
    "appointHeroid": "69",
    "removeHeroid": "2",
    "occupation": "射手",
    "num": "42",
    "heroimg": "//ossweb-img.qq.com/upload/webplat/info/yxzj/20191010/973981525713211.jpg",
    "faceimg": "//ossweb-img.qq.com/upload/webplat/info/yxzj/20170728/457611237008978.jpg",
    "pinyin": "bailishouyue",
    "ename": 196,
    "cname": "百里守约",
    "new_type": 0,
    "hero_type": 5,
    "hero_type2": 4,
    "skin_name": "静谧之眼|绝影神枪|特工魅影|朱雀志"
  },
  {
    "title": "嚣狂之镰",
    "infourl": "//pvp.qq.com/act/a20180905herostory/index.html?id=195&ADTAG=pvp.storyweb",
    "camptype": "7",
    "heroid": "195",
    "appointHeroid": "70",
    "removeHeroid": "2",
    "occupation": "刺客",
    "num": "41",
    "heroimg": "//ossweb-img.qq.com/upload/webplat/info/yxzj/20191010/70144136701374.jpg",
    "faceimg": "//ossweb-img.qq.com/upload/webplat/info/yxzj/20170817/84625581125048.jpg",
    "pinyin": "bailixuance",
    "ename": 195,
    "cname": "百里玄策",
    "new_type": 0,
    "hero_type": 4,
    "skin_name": "嚣狂之镰|威尼斯狂欢|白虎志"
  },
  {
    "title": "不屈铁壁",
    "infourl": "//pvp.qq.com/act/a20180905herostory/index.html?id=194&ADTAG=pvp.storyweb",
    "camptype": "7",
    "heroid": "194",
    "appointHeroid": "71",
    "removeHeroid": "2",
    "occupation": "坦克/战士",
    "num": "40",
    "heroimg": "//ossweb-img.qq.com/upload/webplat/info/yxzj/20191010/75102223449716.jpg",
    "faceimg": "//ossweb-img.qq.com/upload/webplat/info/yxzj/20170921/73767796416726.jpg",
    "pinyin": "sulie",
    "ename": 194,
    "cname": "苏烈",
    "new_type": 0,
    "hero_type": 3,
    "hero_type2": 1,
    "skin_name": "不屈铁壁|爱与和平|坚韧之力|玄武志"
  },
  {
    "title": "入梦之灵",
    "infourl": "//pvp.qq.com/act/a20180905herostory/index.html?id=198&ADTAG=pvp.storyweb",
    "camptype": "0",
    "heroid": "198",
    "appointHeroid": "72",
    "removeHeroid": "1",
    "occupation": "战士/坦克",
    "num": "39",
    "heroimg": "//ossweb-img.qq.com/upload/webplat/info/yxzj/20210510/88228768602449.jpg",
    "faceimg": "//ossweb-img.qq.com/upload/webplat/info/yxzj/20210510/23016587216986.jpg",
    "pinyin": "mengqi",
    "ename": 198,
    "cname": "梦奇",
    "new_type": 0,
    "hero_type": 1,
    "hero_type2": 3,
    "skin_name": "入梦之灵|美梦成真|胖达荣荣"
  },
  {
    "title": "至高创世",
    "infourl": "//pvp.qq.com/act/a20180905herostory/index.html?id=179&ADTAG=pvp.storyweb",
    "camptype": "0",
    "heroid": "179",
    "appointHeroid": "73",
    "removeHeroid": "1",
    "occupation": "法师",
    "num": "38",
    "heroimg": "//ossweb-img.qq.com/upload/webplat/info/yxzj/20191010/957611093104192.jpg",
    "faceimg": "//ossweb-img.qq.com/upload/webplat/info/yxzj/20171116/969111664137.jpg",
    "pinyin": "nvwa",
    "ename": 179,
    "cname": "女娲",
    "new_type": 0,
    "hero_type": 2,
    "skin_name": "至高创世|尼罗河女神"
  },
  {
    "title": "灵魂劫卜",
    "infourl": "//pvp.qq.com/act/a20180905herostory/index.html?id=501&ADTAG=pvp.storyweb",
    "camptype": "7",
    "heroid": "501",
    "appointHeroid": "74",
    "removeHeroid": "1",
    "occupation": "辅助",
    "num": "37",
    "heroimg": "//ossweb-img.qq.com/upload/webplat/info/yxzj/20191010/950592351878.jpg",
    "faceimg": "//ossweb-img.qq.com/upload/webplat/info/yxzj/20171204/28305587201309.jpg",
    "pinyin": "mingshiyin",
    "ename": 501,
    "cname": "明世隐",
    "new_type": 0,
    "hero_type": 6,
    "skin_name": "灵魂劫卜|占星术士|虹云星官"
  },
  {
    "title": "幻舞玲珑",
    "infourl": "//pvp.qq.com/act/a20180905herostory/index.html?id=199&ADTAG=pvp.storyweb",
    "camptype": "7",
    "heroid": "199",
    "appointHeroid": "75",
    "removeHeroid": "1",
    "occupation": "射手",
    "num": "36",
    "heroimg": "//ossweb-img.qq.com/upload/webplat/info/yxzj/20191010/85961165268981.jpg",
    "faceimg": "//ossweb-img.qq.com/upload/webplat/info/yxzj/20180117/403241369215383.jpg",
    "pinyin": "gongsunli",
    "ename": 199,
    "cname": "公孙离",
    "new_type": 0,
    "hero_type": 5,
    "skin_name": "幻舞玲珑|花间舞|蜜橘之夏"
  },
  {
    "title": "霓裳风华",
    "infourl": "//pvp.qq.com/act/a20180905herostory/index.html?id=176&ADTAG=pvp.storyweb",
    "camptype": "7",
    "heroid": "176",
    "appointHeroid": "76",
    "removeHeroid": "1",
    "occupation": "法师/辅助",
    "num": "35",
    "heroimg": "//ossweb-img.qq.com/upload/webplat/info/yxzj/20191010/316771484611139.jpg",
    "faceimg": "//ossweb-img.qq.com/upload/webplat/info/yxzj/20180205/26781833129059.jpg",
    "pinyin": "yangyuhuan",
    "ename": 176,
    "cname": "杨玉环",
    "new_type": 0,
    "hero_type": 2,
    "skin_name": "风华霓裳|霓裳曲|遇见飞天"
  },
  {
    "title": "六合虎拳",
    "infourl": "//pvp.qq.com/act/a20180905herostory/index.html?id=502&ADTAG=pvp.storyweb",
    "camptype": "7",
    "heroid": "502",
    "appointHeroid": "77",
    "removeHeroid": "1",
    "occupation": "刺客/战士",
    "num": "26",
    "heroimg": "//ossweb-img.qq.com/upload/webplat/info/yxzj/20191010/69916960929378.jpg",
    "faceimg": "//ossweb-img.qq.com/upload/webplat/info/yxzj/20180208/24328465009145.jpg",
    "pinyin": "peiqinhu",
    "ename": 502,
    "cname": "裴擒虎",
    "new_type": 0,
    "hero_type": 4,
    "hero_type2": 1,
    "skin_name": "六合虎拳|街头霸王|梅西"
  },
  {
    "title": "天元之弈",
    "infourl": "//pvp.qq.com/act/a20180905herostory/index.html?id=197&ADTAG=pvp.storyweb",
    "camptype": "7",
    "heroid": "197",
    "appointHeroid": "78",
    "removeHeroid": "1",
    "occupation": "法师",
    "num": "34",
    "heroimg": "//ossweb-img.qq.com/upload/webplat/info/yxzj/20210922/84992915823949.png",
    "faceimg": "//ossweb-img.qq.com/upload/webplat/info/yxzj/20210922/47732222929767.png",
    "pinyin": "yixing",
    "ename": 197,
    "cname": "弈星",
    "new_type": 0,
    "hero_type": 2,
    "skin_name": "天元之弈|踏雪寻梅"
  },
  {
    "title": "战车意志",
    "infourl": "//pvp.qq.com/act/a20180905herostory/index.html?id=503&ADTAG=pvp.storyweb",
    "camptype": "6",
    "heroid": "503",
    "appointHeroid": "79",
    "removeHeroid": "1",
    "occupation": "战士",
    "num": "33",
    "heroimg": "//ossweb-img.qq.com/upload/webplat/info/yxzj/20191010/7239917087550.jpg",
    "faceimg": "//ossweb-img.qq.com/upload/webplat/info/yxzj/20180412/546911293826154.jpg",
    "pinyin": "kuangtie",
    "ename": 503,
    "cname": "狂铁",
    "new_type": 0,
    "hero_type": 1,
    "skin_name": "战车意志|命运角斗场|御狮"
  },
  {
    "title": "筑城者",
    "infourl": "//pvp.qq.com/act/a20180905herostory/index.html?id=504&ADTAG=pvp.storyweb",
    "camptype": "6",
    "heroid": "504",
    "appointHeroid": "80",
    "removeHeroid": "1",
    "occupation": "法师",
    "num": "32",
    "heroimg": "//ossweb-img.qq.com/upload/webplat/info/yxzj/20191010/46616375519675.jpg",
    "faceimg": "//ossweb-img.qq.com/upload/webplat/info/yxzj/20180510/96802286473688.jpg",
    "pinyin": "milaidi",
    "ename": 504,
    "cname": "米莱狄",
    "new_type": 0,
    "hero_type": 2,
    "skin_name": "筑城者|精准探案法|御霄"
  },
  {
    "title": "无间傀儡",
    "infourl": "//pvp.qq.com/act/a20180905herostory/index.html?id=125&ADTAG=pvp.storyweb",
    "camptype": "4",
    "heroid": "125",
    "appointHeroid": "81",
    "removeHeroid": "0",
    "occupation": "刺客",
    "num": "31",
    "heroimg": "//ossweb-img.qq.com/upload/webplat/info/yxzj/20191010/227131284204645.jpg",
    "faceimg": "//ossweb-img.qq.com/upload/webplat/info/yxzj/20180628/795971480753540.jpg",
    "pinyin": "yuange",
    "ename": 125,
    "cname": "元歌",
    "new_type": 0,
    "hero_type": 4,
    "skin_name": "无间傀儡|午夜歌剧院"
  },
  {
    "title": "光明之海",
    "infourl": "//pvp.qq.com/act/a20180905herostory/index.html?id=510&ADTAG=pvp.storyweb",
    "camptype": "4",
    "heroid": "510",
    "appointHeroid": "82",
    "removeHeroid": "1",
    "occupation": "战士/坦克",
    "num": "30",
    "heroimg": "//ossweb-img.qq.com/upload/webplat/info/yxzj/20191010/67846590935414.jpg",
    "faceimg": "//ossweb-img.qq.com/upload/webplat/info/yxzj/20180717/10339910137309.jpg",
    "pinyin": "sunce",
    "ename": 510,
    "cname": "孙策",
    "new_type": 0,
    "hero_type": 3,
    "hero_type2": 1,
    "skin_name": "光明之海|海之征途|猫狗日记"
  },
  {
    "title": "寂灭之心",
    "infourl": "//pvp.qq.com/act/a20180905herostory/index.html?id=137&ADTAG=pvp.storyweb",
    "camptype": "4",
    "heroid": "137",
    "appointHeroid": "83",
    "removeHeroid": "2",
    "occupation": "刺客/法师",
    "num": "29",
    "heroimg": "//ossweb-img.qq.com/upload/webplat/info/yxzj/20191010/332921188655301.jpg",
    "faceimg": "//ossweb-img.qq.com/upload/webplat/info/yxzj/20180816/813571069462033.jpg",
    "pinyin": "simayi",
    "ename": 137,
    "cname": "司马懿",
    "new_type": 0,
    "hero_type": 4,
    "hero_type2": 2,
    "skin_name": "寂灭之心|魇语军师"
  },
  {
    "title": "无尽之盾",
    "infourl": "//pvp.qq.com/act/a20180905herostory/index.html?id=509&ADTAG=pvp.storyweb",
    "camptype": "7",
    "heroid": "509",
    "appointHeroid": "84",
    "removeHeroid": "2",
    "occupation": "辅助/坦克",
    "num": "28",
    "heroimg": "//ossweb-img.qq.com/upload/webplat/info/yxzj/20191010/953261427583808.jpg",
    "faceimg": "//ossweb-img.qq.com/upload/webplat/info/yxzj/20180904/71811613439812.jpg",
    "pinyin": "dunshan",
    "ename": 509,
    "cname": "盾山",
    "new_type": 0,
    "hero_type": 6,
    "hero_type2": 3,
    "skin_name": "无尽之盾|极冰防御线"
  },
  {
    "title": "破魔之箭",
    "infourl": "//pvp.qq.com/act/a20180905herostory/index.html?id=508&ADTAG=pvp.storyweb",
    "camptype": "7",
    "heroid": "508",
    "appointHeroid": "85",
    "removeHeroid": "2",
    "occupation": "射手",
    "num": "27",
    "heroimg": "//ossweb-img.qq.com/upload/webplat/info/yxzj/20191010/15595309331581.jpg",
    "faceimg": "//ossweb-img.qq.com/upload/webplat/info/yxzj/20180921/75205278535459.jpg",
    "pinyin": "jialuo",
    "ename": 508,
    "cname": "伽罗",
    "new_type": 0,
    "hero_type": 5,
    "skin_name": "破魔之箭|花见巫女"
  },
  {
    "title": "爆弹怪猫",
    "infourl": "//pvp.qq.com/act/a20180905herostory/index.html?id=312&ADTAG=pvp.storyweb",
    "camptype": "7",
    "heroid": "312",
    "appointHeroid": "86",
    "removeHeroid": "2",
    "occupation": "法师",
    "num": "25",
    "heroimg": "//ossweb-img.qq.com/upload/webplat/info/yxzj/20191010/293661177557011.jpg",
    "faceimg": "//ossweb-img.qq.com/upload/webplat/info/yxzj/20181019/13265340386756.jpg",
    "pinyin": "shenmengxi",
    "ename": 312,
    "cname": "沈梦溪",
    "new_type": 0,
    "hero_type": 2,
    "skin_name": "爆弹怪猫|棒球奇才"
  },
  {
    "title": "谋世之战",
    "infourl": "//pvp.qq.com/act/a20180905herostory/index.html?id=507&ADTAG=pvp.storyweb",
    "camptype": "7",
    "heroid": "507",
    "appointHeroid": "87",
    "removeHeroid": "2",
    "occupation": "战士",
    "num": "24",
    "heroimg": "//ossweb-img.qq.com/upload/webplat/info/yxzj/20191010/45330314537943.jpg",
    "faceimg": "//ossweb-img.qq.com/upload/webplat/info/yxzj/20181120/7804990460330.jpg",
    "pinyin": "lixin",
    "ename": 507,
    "cname": "李信",
    "pay_type": 10,
    "new_type": 0,
    "hero_type": 1,
    "skin_name": "谋世之战|灼热之刃"
  },
  {
    "title": "惊鸿之笔",
    "infourl": "//pvp.qq.com/act/a20180905herostory/index.html?id=513&ADTAG=pvp.storyweb",
    "camptype": "7",
    "heroid": "513",
    "appointHeroid": "88",
    "removeHeroid": "0",
    "occupation": "法师",
    "num": "23",
    "heroimg": "//ossweb-img.qq.com/upload/webplat/info/yxzj/20191010/218171149641279.jpg",
    "faceimg": "//ossweb-img.qq.com/upload/webplat/info/yxzj/20181211/715691338489128.jpg",
    "pinyin": "shangguanwaner",
    "ename": 513,
    "cname": "上官婉儿",
    "new_type": 0,
    "hero_type": 2,
    "hero_type2": 4,
    "skin_name": "惊鸿之笔|修竹墨客"
  },
  {
    "title": "寒月公主",
    "infourl": "//pvp.qq.com/act/a20180905herostory/index.html?id=515&ADTAG=pvp.storyweb",
    "camptype": "0",
    "heroid": "515",
    "appointHeroid": "89",
    "removeHeroid": "2",
    "occupation": "法师/坦克",
    "num": "22",
    "heroimg": "//ossweb-img.qq.com/upload/webplat/info/yxzj/20191010/353911202229544.jpg",
    "faceimg": "//ossweb-img.qq.com/upload/webplat/info/yxzj/20190111/868981192916415.jpg",
    "pinyin": "change",
    "ename": 515,
    "cname": "嫦娥",
    "new_type": 0,
    "hero_type": 2,
    "hero_type2": 3,
    "skin_name": "寒月公主|露花倒影"
  },
  {
    "title": "无忧猛士",
    "infourl": "//pvp.qq.com/act/a20180905herostory/index.html?id=511&ADTAG=pvp.storyweb",
    "camptype": "0",
    "heroid": "511",
    "appointHeroid": "90",
    "removeHeroid": "2",
    "occupation": "坦克",
    "num": "21",
    "heroimg": "//ossweb-img.qq.com/upload/webplat/info/yxzj/20191010/99063960055644.jpg",
    "faceimg": "//ossweb-img.qq.com/upload/webplat/info/yxzj/20190121/59935186584184.jpg",
    "pinyin": "zhubajie",
    "ename": 511,
    "cname": "猪八戒",
    "new_type": 0,
    "hero_type": 3,
    "skin_name": "无忧猛士|年年有余"
  },
  {
    "title": "破晓之神",
    "infourl": "https://pvp.qq.com/act/a20180905herostory/index.html?id=529&ADTAG=pvp.storyweb",
    "camptype": "0",
    "heroid": "529",
    "appointHeroid": "91",
    "removeHeroid": "1",
    "occupation": "战士",
    "num": "20",
    "heroimg": "//ossweb-img.qq.com/upload/webplat/info/yxzj/20191010/19615858476334.jpg",
    "faceimg": "//ossweb-img.qq.com/upload/webplat/info/yxzj/20190218/16716956397489.jpg",
    "pinyin": "pangu",
    "ename": 529,
    "cname": "盘古",
    "new_type": 0,
    "hero_type": 1,
    "skin_name": "破晓之神"
  },
  {
    "title": "鹿灵守心",
    "infourl": "https://pvp.qq.com/act/a20180905herostory/index.html?id=505&ADTAG=pvp.storyweb",
    "camptype": "3",
    "heroid": "505",
    "appointHeroid": "92",
    "removeHeroid": "0",
    "occupation": "辅助",
    "num": "19",
    "heroimg": "//ossweb-img.qq.com/upload/webplat/info/yxzj/20191010/757821175652297.jpg",
    "faceimg": "//ossweb-img.qq.com/upload/webplat/info/yxzj/20190415/22946736869045.jpg",
    "pinyin": "yao",
    "ename": 505,
    "cname": "瑶",
    "new_type": 0,
    "hero_type": 6,
    "skin_name": "森"
  },
  {
    "title": "流云之翼",
    "infourl": "https://pvp.qq.com/act/a20180905herostory/index.html?id=506&ADTAG=pvp.storyweb",
    "camptype": "3",
    "heroid": "506",
    "appointHeroid": "93",
    "removeHeroid": "0",
    "occupation": "刺客/战士",
    "num": "18",
    "heroimg": "//ossweb-img.qq.com/upload/webplat/info/yxzj/20191010/86214230515643.jpg",
    "faceimg": "//ossweb-img.qq.com/upload/webplat/info/yxzj/20190510/38160378200548.jpg",
    "pinyin": "yunzhongjun",
    "ename": 506,
    "cname": "云中君",
    "pay_type": 10,
    "new_type": 0,
    "hero_type": 4,
    "hero_type2": 1,
    "skin_name": "荷鲁斯之眼"
  },
  {
    "title": "星辰之子",
    "infourl": "https://pvp.qq.com/act/a20180905herostory/index.html?id=522&ADTAG=pvp.storyweb",
    "camptype": "1",
    "heroid": "522",
    "appointHeroid": "94",
    "removeHeroid": "0",
    "occupation": "战士",
    "num": "17",
    "heroimg": "//ossweb-img.qq.com/upload/webplat/info/yxzj/20191010/770901264838612.jpg",
    "faceimg": "//ossweb-img.qq.com/upload/webplat/info/yxzj/20190625/86727196039895.jpg",
    "pinyin": "yao",
    "ename": 522,
    "cname": "曜",
    "new_type": 0,
    "hero_type": 1,
    "skin_name": "归虚梦演"
  },
  {
    "title": "冷晖之枪",
    "infourl": "https://pvp.qq.com/act/a20180905herostory/index.html?id=518&ADTAG=pvp.storyweb",
    "camptype": "4",
    "heroid": "518",
    "appointHeroid": "95",
    "removeHeroid": "0",
    "occupation": "战士",
    "num": "15",
    "heroimg": "//ossweb-img.qq.com/upload/webplat/info/yxzj/20191010/33883177785525.jpg",
    "faceimg": "//ossweb-img.qq.com/upload/webplat/info/yxzj/20190813/47880503928005.jpg",
    "pinyin": "machao",
    "ename": 518,
    "cname": "马超",
    "new_type": 0,
    "hero_type": 1,
    "hero_type2": 4,
    "skin_name": "冷晖之枪|幸存者|神威"
  },
  {
    "title": "幻纱之灵",
    "infourl": "https://pvp.qq.com/story201904/index.html#/heroDetail/index/523?ADTAG=pvp.storyweb",
    "camptype": "1",
    "heroid": "523",
    "appointHeroid": "95",
    "removeHeroid": "0",
    "occupation": "法师",
    "num": "13",
    "heroimg": "//ossweb-img.qq.com/upload/webplat/info/yxzj/20191010/87864951621394.jpg",
    "faceimg": "//ossweb-img.qq.com/upload/webplat/info/yxzj/20190920/52701914999686.jpg",
    "pinyin": "xishi",
    "ename": 523,
    "cname": "西施",
    "new_type": 0,
    "hero_type": 2,
    "skin_name": "幻纱之灵|归虚梦演"
  },
  {
    "title": "神匠",
    "infourl": "https://pvp.qq.com/story201904/index.html#/heroDetail/index/525?ADTAG=pvp.storyweb",
    "camptype": "1",
    "heroid": "525",
    "appointHeroid": "96",
    "removeHeroid": "0",
    "occupation": "辅助",
    "num": "12",
    "heroimg": "//ossweb-img.qq.com/upload/webplat/info/yxzj/20191126/72226651341391.jpg",
    "faceimg": "//ossweb-img.qq.com/upload/webplat/info/yxzj/20191126/57064767888562.jpg",
    "pinyin": "luban",
    "ename": 525,
    "cname": "鲁班大师",
    "new_type": 0,
    "hero_type": 6,
    "skin_name": "神匠|归虚梦演"
  },
  {
    "title": "烈炮小子",
    "infourl": "https://pvp.qq.com/story201904/index.html#/heroDetail/index/524?ADTAG=pvp.storyweb",
    "camptype": "1",
    "heroid": "524",
    "appointHeroid": "97",
    "removeHeroid": "0",
    "occupation": "射手",
    "num": "11",
    "heroimg": "//ossweb-img.qq.com/upload/webplat/info/yxzj/20200109/645021221580209.jpg",
    "faceimg": "//ossweb-img.qq.com/upload/webplat/info/yxzj/20200109/769101262329107.jpg",
    "pinyin": "mengya",
    "ename": 524,
    "cname": "蒙犽",
    "new_type": 0,
    "hero_type": 5,
    "skin_name": "烈炮小子|归虚梦演"
  },
  {
    "title": "破镜之刃",
    "infourl": "https://pvp.qq.com/story201904/index.html#/heroDetail/index/531?ADTAG=pvp.storyweb",
    "camptype": "1",
    "heroid": "531",
    "appointHeroid": "98",
    "removeHeroid": "1",
    "occupation": "刺客",
    "num": "9",
    "heroimg": "//ossweb-img.qq.com/upload/webplat/info/yxzj/20200327/25718162647590.jpg",
    "faceimg": "//ossweb-img.qq.com/upload/webplat/info/yxzj/20200327/396541250647794.jpg",
    "pinyin": "jing",
    "ename": 531,
    "cname": "镜",
    "new_type": 0,
    "hero_type": 4,
    "skin_name": "破镜之刃|冰刃幻境"
  },
  {
    "title": "秩序统将",
    "infourl": "https://pvp.qq.com/story201904/index.html#/heroDetail/index/527?ADTAG=pvp.storyweb",
    "camptype": "1",
    "heroid": "527",
    "appointHeroid": "99",
    "removeHeroid": "1",
    "occupation": "战士/坦克",
    "num": "8",
    "heroimg": "//ossweb-img.qq.com/upload/webplat/info/yxzj/20200601/79145982836583.jpg",
    "faceimg": "//ossweb-img.qq.com/upload/webplat/info/yxzj/20200601/97479618556133.jpg",
    "pinyin": "mengtian",
    "ename": 527,
    "cname": "蒙恬",
    "new_type": 0,
    "hero_type": 1,
    "hero_type2": 3,
    "skin_name": "秩序统将|秩序猎龙将"
  },
  {
    "title": "山林之子",
    "infourl": "https://pvp.qq.com/story201904/index.html#/heroDetail/index/533?ADTAG=pvp.storyweb",
    "camptype": "4",
    "heroid": "533",
    "appointHeroid": "100",
    "removeHeroid": "0",
    "occupation": "坦克/辅助",
    "num": "7",
    "heroimg": "//ossweb-img.qq.com/upload/webplat/info/yxzj/20200730/908422776017.jpg",
    "faceimg": "//ossweb-img.qq.com/upload/webplat/info/yxzj/20200730/2465499023977.jpg",
    "pinyin": "aguduo",
    "ename": 533,
    "cname": "阿古朵",
    "new_type": 0,
    "hero_type": 3,
    "hero_type2": 6,
    "skin_name": "山林之子"
  },
  {
    "title": "玫瑰剑士",
    "infourl": "https://pvp.qq.com/story201904/index.html#/heroDetail/index/536?ADTAG=pvp.storyweb",
    "camptype": "6",
    "heroid": "536",
    "appointHeroid": "101",
    "removeHeroid": "0",
    "occupation": "战士",
    "num": "6",
    "heroimg": "//ossweb-img.qq.com/upload/webplat/info/yxzj/20200921/27859854994324.png",
    "faceimg": "//ossweb-img.qq.com/upload/webplat/info/yxzj/20200921/438831094577151.png",
    "pinyin": "xialuote",
    "ename": 536,
    "cname": "夏洛特",
    "new_type": 0,
    "hero_type": 1,
    "skin_name": "玫瑰剑士"
  },
  {
    "title": "鲨之猎刃",
    "infourl": "https://pvp.qq.com/story201904/index.html#/heroDetail/index/528?ADTAG=pvp.storyweb",
    "camptype": "4",
    "heroid": "528",
    "appointHeroid": "102",
    "removeHeroid": "1",
    "occupation": "刺客",
    "num": "5",
    "heroimg": "//ossweb-img.qq.com/upload/webplat/info/yxzj/20201208/35161952266060.jpg",
    "faceimg": "//ossweb-img.qq.com/upload/webplat/info/yxzj/20201208/644721207778332.jpg",
    "pinyin": "lan",
    "ename": 528,
    "cname": "澜",
    "new_type": 0,
    "hero_type": 4,
    "skin_name": "鲨之猎刃|孤猎"
  },
  {
    "title": "雷霆之王",
    "infourl": "https://pvp.qq.com/story201904/index.html#/heroDetail/index/537?ADTAG=pvp.storyweb",
    "camptype": "7",
    "heroid": "537",
    "appointHeroid": "103",
    "removeHeroid": "0",
    "occupation": "战士/法师",
    "num": "4",
    "heroimg": "//ossweb-img.qq.com/upload/webplat/info/yxzj/20210112/85473239526448.jpg",
    "faceimg": "//ossweb-img.qq.com/upload/webplat/info/yxzj/20210112/98246362641488.jpg",
    "pinyin": "sikongzhen",
    "ename": 537,
    "cname": "司空震",
    "new_type": 0,
    "hero_type": 1,
    "hero_type2": 2,
    "skin_name": "雷霆之王|启蛰"
  },
  {
    "title": "精灵之舞",
    "infourl": "https://pvp.qq.com/story201904/index.html#/heroDetail/index/155?ADTAG=pvp.storyweb",
    "camptype": "6",
    "heroid": "155",
    "appointHeroid": "104",
    "removeHeroid": "0",
    "occupation": "射手",
    "num": "3",
    "heroimg": "//ossweb-img.qq.com/upload/webplat/info/yxzj/20210407/384301448271504.png",
    "faceimg": "//ossweb-img.qq.com/upload/webplat/info/yxzj/20210407/571741466946835.png",
    "pinyin": "ailin",
    "ename": 155,
    "cname": "艾琳",
    "new_type": 0,
    "hero_type": 5,
    "skin_name": "精灵之舞|女武神"
  },
  {
    "title": "燎原之心",
    "infourl": "https://pvp.qq.com/story201904/index.html#/heroDetail/index/538?ADTAG=pvp.storyweb",
    "camptype": "7",
    "heroid": "538",
    "appointHeroid": "105",
    "removeHeroid": "0",
    "occupation": "战士",
    "num": "2",
    "heroimg": "//ossweb-img.qq.com/upload/webplat/info/yxzj/20210621/45838846827439.jpg",
    "faceimg": "//ossweb-img.qq.com/upload/webplat/info/yxzj/20210621/23553953591021.jpg",
    "pinyin": "yunying",
    "ename": 538,
    "cname": "云缨",
    "new_type": 0,
    "hero_type": 1,
    "hero_type2": 4,
    "skin_name": "燎原之心|赤焰之缨"
  },
  {
    "title": "渡世行者",
    "infourl": "https://pvp.qq.com/story201904/index.html#/heroDetail/index/540?ADTAG=pvp.storyweb",
    "camptype": "7",
    "heroid": "540",
    "appointHeroid": "106",
    "removeHeroid": "0",
    "occupation": "法师",
    "num": "1",
    "heroimg": "//ossweb-img.qq.com/upload/webplat/info/yxzj/20211116/10927593674507.png",
    "faceimg": "//ossweb-img.qq.com/upload/webplat/info/yxzj/20211115/730421262848940.png",
    "pinyin": "jinchan",
    "ename": 540,
    "cname": "金蝉",
    "new_type": 1,
    "hero_type": 2,
    "hero_type2": 6,
    "skin_name": "渡世行者|前尘"
  }
]
